{
  "posts":[
    {
      "title" : "Stay Classy",
      "href" : "https://fonts.kakugyou.org/index.php?route=information/article&article_id=205",
      "thumbnail" : "https://fonts.kakugyou.org/image/cache/data/2018/03/classy-464x320.jpg"
    },
    {
      "title" : "Kabe",
      "href" : "https://fonts.kakugyou.org/index.php?route=information/article&article_id=204",
      "thumbnail" : "https://fonts.kakugyou.org/image/cache/data/2018/03/kabe-464x320.jpg"
    },
    {
      "title" : "JMH Arkham",
      "href" : "https://fonts.kakugyou.org/index.php?route=information/article&article_id=203",
      "thumbnail" : "https://fonts.kakugyou.org/image/cache/data/2018/03/jmh-464x320.jpg"
    }
  ]
}